{
  "id": "b9067cdd-103a-4138-ae3b-8ee3918fe201",
  "alias": "CrudWithReactWebPart",
  "componentType": "WebPart",
  "version": "0.0.1",
  "manifestVersion": 2,
  "requiresCustomScript": false,
  "supportedHosts": [
    "SharePointWebPart"
  ],
  "preconfiguredEntries": [
    {
      "groupId": "5c03119e-3074-46fd-976b-c60198311f70",
      "group": {
        "default": "Other"
      },
      "title": {
        "default": "CrudWithReact"
      },
      "description": {
        "default": "CrudWithReact description"
      },
      "officeFabricIconFontName": "Page",
      "properties": {
        "description": "CrudWithReact"
      }
    }
  ],
  "loaderConfig": {
    "internalModuleBaseUrls": [
      "<!-- PATH TO CDN -->"
    ],
    "entryModuleId": "crud-with-react-web-part",
    "scriptResources": {
      "crud-with-react-web-part": {
        "type": "path",
        "path": "crud-with-react-web-part.js"
      },
      "@microsoft/sp-property-pane": {
        "type": "component",
        "id": "f9e737b7-f0df-4597-ba8c-3060f82380db",
        "version": "1.18.2"
      },
      "@microsoft/sp-core-library": {
        "type": "component",
        "id": "7263c7d0-1d6a-45ec-8d85-d4d1d234171b",
        "version": "1.18.2"
      },
      "CrudWithReactWebPartStrings": {
        "type": "path",
        "path": "CrudWithReactWebPartStrings_en-us.js"
      },
      "@microsoft/sp-webpart-base": {
        "type": "component",
        "id": "974a7777-0990-4136-8fa6-95d80114c2e0",
        "version": "1.18.2"
      },
      "react": {
        "type": "component",
        "id": "0d910c1c-13b9-4e1c-9aa4-b008c5e42d7d",
        "version": "17.0.1"
      },
      "react-dom": {
        "type": "component",
        "id": "aa0a46ec-1505-43cd-a44a-93f3a5aa460a",
        "version": "17.0.1"
      },
      "@microsoft/sp-http": {
        "type": "component",
        "id": "c07208f0-ea3b-4c1a-9965-ac1b825211a6",
        "version": "1.18.2"
      }
    }
  }
}