<?xml version="1.0" encoding="utf-8"?><App xmlns="http://schemas.microsoft.com/sharepoint/2012/app/manifest" Name="graph-apiup-demo-client-side-solution" ProductID="be9c02af-9ad7-43a9-a82b-fb32475a136e" Version="1.0.0.0" SharePointMinVersion="16.0.0.0" IsClientSideSolution="true" IsDomainIsolated="false"><Properties><Title>graph-apiup-demo-client-side-solution</Title></Properties><WebApiPermissionRequests><WebApiPermissionRequest ResourceId="Microsoft Graph" Scope="User.ReadBasic.All"></WebApiPermissionRequest></WebApiPermissionRequests></App>