<?xml version="1.0" encoding="utf-8"?><App xmlns="http://schemas.microsoft.com/sharepoint/2012/app/manifest" Name="graph-api-events-demo-client-side-solution" ProductID="3333546d-6fbf-4dbf-a410-0d6c7ff4923a" Version="1.0.0.0" SharePointMinVersion="16.0.0.0" IsClientSideSolution="true" IsDomainIsolated="false"><Properties><Title>graph-api-events-demo-client-side-solution</Title></Properties><WebApiPermissionRequests><WebApiPermissionRequest ResourceId="Microsoft Graph" Scope="Calendars.Read"></WebApiPermissionRequest></WebApiPermissionRequests></App>