[{"id":"73e1dc6c-8441-42cc-ad47-4bd3659f8a3a","alias":"SPLodashSubset","componentType":"Library","version":"1.17.4","manifestVersion":2,"loaderConfig":{"internalModuleBaseUrls":["https://localhost:4321/node_modules/@microsoft/sp-lodash-subset/dist/"],"entryModuleId":"sp-lodash-subset","scriptResources":{"sp-lodash-subset":{"type":"path","path":"sp-lodash-subset_21d1f599e277100ae684.js"}}}},{"id":"7263c7d0-1d6a-45ec-8d85-d4d1d234171b","alias":"SPCoreLibrary","componentType":"Library","version":"1.17.4","manifestVersion":2,"loaderConfig":{"internalModuleBaseUrls":["https://localhost:4321/node_modules/@microsoft/sp-core-library/dist/","https://localhost:4321/dist/"],"entryModuleId":"sp-core-library","scriptResources":{"sp-core-library":{"type":"localizedPath","paths":{"default":"sp-core-library_default_8cbc57f2b07d5f246e14.js","en-US":"sp-core-library_en-us_8cbc57f2b07d5f246e14.js","qps-ploca":"sp-core-library_qps-ploca_8cbc57f2b07d5f246e14.js","qps-ploc":"sp-core-library_qps-ploc_8cbc57f2b07d5f246e14.js","en-GB":"sp-core-library_en-us_8cbc57f2b07d5f246e14.js","en-NZ":"sp-core-library_en-us_8cbc57f2b07d5f246e14.js","en-IE":"sp-core-library_en-us_8cbc57f2b07d5f246e14.js","en-AU":"sp-core-library_en-us_8cbc57f2b07d5f246e14.js","bn":"sp-core-library_en-us_8cbc57f2b07d5f246e14.js","chr":"sp-core-library_en-us_8cbc57f2b07d5f246e14.js","dv":"sp-core-library_en-us_8cbc57f2b07d5f246e14.js","div":"sp-core-library_en-us_8cbc57f2b07d5f246e14.js","en":"sp-core-library_en-us_8cbc57f2b07d5f246e14.js","fil":"sp-core-library_en-us_8cbc57f2b07d5f246e14.js","haw":"sp-core-library_en-us_8cbc57f2b07d5f246e14.js","iu":"sp-core-library_en-us_8cbc57f2b07d5f246e14.js","lo":"sp-core-library_en-us_8cbc57f2b07d5f246e14.js","moh":"sp-core-library_en-us_8cbc57f2b07d5f246e14.js","sq":"sp-core-library_en-us_8cbc57f2b07d5f246e14.js","am":"sp-core-library_en-us_8cbc57f2b07d5f246e14.js","hy":"sp-core-library_en-us_8cbc57f2b07d5f246e14.js","mk":"sp-core-library_en-us_8cbc57f2b07d5f246e14.js","bs":"sp-core-library_en-us_8cbc57f2b07d5f246e14.js","my":"sp-core-library_en-us_8cbc57f2b07d5f246e14.js","dz":"sp-core-library_en-us_8cbc57f2b07d5f246e14.js","en-CY":"sp-core-library_en-us_8cbc57f2b07d5f246e14.js","en-EG":"sp-core-library_en-us_8cbc57f2b07d5f246e14.js","en-IL":"sp-core-library_en-us_8cbc57f2b07d5f246e14.js","en-IS":"sp-core-library_en-us_8cbc57f2b07d5f246e14.js","en-JO":"sp-core-library_en-us_8cbc57f2b07d5f246e14.js","en-KE":"sp-core-library_en-us_8cbc57f2b07d5f246e14.js","en-KW":"sp-core-library_en-us_8cbc57f2b07d5f246e14.js","en-MK":"sp-core-library_en-us_8cbc57f2b07d5f246e14.js","en-MT":"sp-core-library_en-us_8cbc57f2b07d5f246e14.js","en-PK":"sp-core-library_en-us_8cbc57f2b07d5f246e14.js","en-QA":"sp-core-library_en-us_8cbc57f2b07d5f246e14.js","en-SA":"sp-core-library_en-us_8cbc57f2b07d5f246e14.js","en-LK":"sp-core-library_en-us_8cbc57f2b07d5f246e14.js","en-AE":"sp-core-library_en-us_8cbc57f2b07d5f246e14.js","en-VN":"sp-core-library_en-us_8cbc57f2b07d5f246e14.js","is":"sp-core-library_en-us_8cbc57f2b07d5f246e14.js","km":"sp-core-library_en-us_8cbc57f2b07d5f246e14.js","kh":"sp-core-library_en-us_8cbc57f2b07d5f246e14.js","mt":"sp-core-library_en-us_8cbc57f2b07d5f246e14.js","fa":"sp-core-library_en-us_8cbc57f2b07d5f246e14.js","gd":"sp-core-library_en-us_8cbc57f2b07d5f246e14.js","sr-Cyrl-BA":"sp-core-library_en-us_8cbc57f2b07d5f246e14.js","sr-Latn-BA":"sp-core-library_en-us_8cbc57f2b07d5f246e14.js","sd":"sp-core-library_en-us_8cbc57f2b07d5f246e14.js","si":"sp-core-library_en-us_8cbc57f2b07d5f246e14.js","so":"sp-core-library_en-us_8cbc57f2b07d5f246e14.js","ti-ET":"sp-core-library_en-us_8cbc57f2b07d5f246e14.js","uz":"sp-core-library_en-us_8cbc57f2b07d5f246e14.js","en-SG":"sp-core-library_en-us_8cbc57f2b07d5f246e14.js","en-HK":"sp-core-library_en-us_8cbc57f2b07d5f246e14.js","en-MY":"sp-core-library_en-us_8cbc57f2b07d5f246e14.js","en-PH":"sp-core-library_en-us_8cbc57f2b07d5f246e14.js","en-TT":"sp-core-library_en-us_8cbc57f2b07d5f246e14.js","en-AZ":"sp-core-library_en-us_8cbc57f2b07d5f246e14.js","en-BH":"sp-core-library_en-us_8cbc57f2b07d5f246e14.js","en-BN":"sp-core-library_en-us_8cbc57f2b07d5f246e14.js","en-ID":"sp-core-library_en-us_8cbc57f2b07d5f246e14.js","mi":"sp-core-library_en-us_8cbc57f2b07d5f246e14.js"},"defaultPath":"sp-core-library_default_8cbc57f2b07d5f246e14.js"},"tslib":{"type":"component","id":"01c4df03-e775-48cb-aa14-171ee5199a15","version":"2.3.1"},"@ms/odsp-core-bundle":{"type":"component","id":"2e09fb9b-13bb-48f2-859f-97d6fff71176","version":"1.3.154"}}}},{"manifestVersion":2,"id":"78359e4b-07c2-43c6-8d0b-d060b4d577e8","alias":"SPDiagnostics","componentType":"Library","version":"1.17.4","loaderConfig":{"internalModuleBaseUrls":["https://localhost:4321/node_modules/@microsoft/sp-diagnostics/dist/","https://localhost:4321/dist/"],"entryModuleId":"sp-diagnostics","scriptResources":{"sp-diagnostics":{"type":"path","path":"sp-diagnostics_none_ba5c7bb607ea66b57e8a.js"},"tslib":{"type":"component","id":"01c4df03-e775-48cb-aa14-171ee5199a15","version":"2.3.1"},"@microsoft/sp-lodash-subset":{"type":"component","id":"73e1dc6c-8441-42cc-ad47-4bd3659f8a3a","version":"1.17.4"},"@microsoft/sp-core-library":{"type":"component","id":"7263c7d0-1d6a-45ec-8d85-d4d1d234171b","version":"1.17.4"}}}},{"manifestVersion":2,"id":"e40f8203-b39d-425a-a957-714852e33b79","alias":"SPDynamicData","componentType":"Library","version":"1.17.4","loaderConfig":{"internalModuleBaseUrls":["https://localhost:4321/node_modules/@microsoft/sp-dynamic-data/dist/","https://localhost:4321/dist/"],"entryModuleId":"sp-dynamic-data","scriptResources":{"sp-dynamic-data":{"type":"localizedPath","paths":{"default":"sp-dynamic-data_default_4e495b727d1d616cf91f.js","en-US":"sp-dynamic-data_en-us_4e495b727d1d616cf91f.js","qps-ploca":"sp-dynamic-data_qps-ploca_4e495b727d1d616cf91f.js","qps-ploc":"sp-dynamic-data_qps-ploc_4e495b727d1d616cf91f.js","en-GB":"sp-dynamic-data_en-us_4e495b727d1d616cf91f.js","en-NZ":"sp-dynamic-data_en-us_4e495b727d1d616cf91f.js","en-IE":"sp-dynamic-data_en-us_4e495b727d1d616cf91f.js","en-AU":"sp-dynamic-data_en-us_4e495b727d1d616cf91f.js","bn":"sp-dynamic-data_en-us_4e495b727d1d616cf91f.js","chr":"sp-dynamic-data_en-us_4e495b727d1d616cf91f.js","dv":"sp-dynamic-data_en-us_4e495b727d1d616cf91f.js","div":"sp-dynamic-data_en-us_4e495b727d1d616cf91f.js","en":"sp-dynamic-data_en-us_4e495b727d1d616cf91f.js","fil":"sp-dynamic-data_en-us_4e495b727d1d616cf91f.js","haw":"sp-dynamic-data_en-us_4e495b727d1d616cf91f.js","iu":"sp-dynamic-data_en-us_4e495b727d1d616cf91f.js","lo":"sp-dynamic-data_en-us_4e495b727d1d616cf91f.js","moh":"sp-dynamic-data_en-us_4e495b727d1d616cf91f.js","sq":"sp-dynamic-data_en-us_4e495b727d1d616cf91f.js","am":"sp-dynamic-data_en-us_4e495b727d1d616cf91f.js","hy":"sp-dynamic-data_en-us_4e495b727d1d616cf91f.js","mk":"sp-dynamic-data_en-us_4e495b727d1d616cf91f.js","bs":"sp-dynamic-data_en-us_4e495b727d1d616cf91f.js","my":"sp-dynamic-data_en-us_4e495b727d1d616cf91f.js","dz":"sp-dynamic-data_en-us_4e495b727d1d616cf91f.js","en-CY":"sp-dynamic-data_en-us_4e495b727d1d616cf91f.js","en-EG":"sp-dynamic-data_en-us_4e495b727d1d616cf91f.js","en-IL":"sp-dynamic-data_en-us_4e495b727d1d616cf91f.js","en-IS":"sp-dynamic-data_en-us_4e495b727d1d616cf91f.js","en-JO":"sp-dynamic-data_en-us_4e495b727d1d616cf91f.js","en-KE":"sp-dynamic-data_en-us_4e495b727d1d616cf91f.js","en-KW":"sp-dynamic-data_en-us_4e495b727d1d616cf91f.js","en-MK":"sp-dynamic-data_en-us_4e495b727d1d616cf91f.js","en-MT":"sp-dynamic-data_en-us_4e495b727d1d616cf91f.js","en-PK":"sp-dynamic-data_en-us_4e495b727d1d616cf91f.js","en-QA":"sp-dynamic-data_en-us_4e495b727d1d616cf91f.js","en-SA":"sp-dynamic-data_en-us_4e495b727d1d616cf91f.js","en-LK":"sp-dynamic-data_en-us_4e495b727d1d616cf91f.js","en-AE":"sp-dynamic-data_en-us_4e495b727d1d616cf91f.js","en-VN":"sp-dynamic-data_en-us_4e495b727d1d616cf91f.js","is":"sp-dynamic-data_en-us_4e495b727d1d616cf91f.js","km":"sp-dynamic-data_en-us_4e495b727d1d616cf91f.js","kh":"sp-dynamic-data_en-us_4e495b727d1d616cf91f.js","mt":"sp-dynamic-data_en-us_4e495b727d1d616cf91f.js","fa":"sp-dynamic-data_en-us_4e495b727d1d616cf91f.js","gd":"sp-dynamic-data_en-us_4e495b727d1d616cf91f.js","sr-Cyrl-BA":"sp-dynamic-data_en-us_4e495b727d1d616cf91f.js","sr-Latn-BA":"sp-dynamic-data_en-us_4e495b727d1d616cf91f.js","sd":"sp-dynamic-data_en-us_4e495b727d1d616cf91f.js","si":"sp-dynamic-data_en-us_4e495b727d1d616cf91f.js","so":"sp-dynamic-data_en-us_4e495b727d1d616cf91f.js","ti-ET":"sp-dynamic-data_en-us_4e495b727d1d616cf91f.js","uz":"sp-dynamic-data_en-us_4e495b727d1d616cf91f.js","en-SG":"sp-dynamic-data_en-us_4e495b727d1d616cf91f.js","en-HK":"sp-dynamic-data_en-us_4e495b727d1d616cf91f.js","en-MY":"sp-dynamic-data_en-us_4e495b727d1d616cf91f.js","en-PH":"sp-dynamic-data_en-us_4e495b727d1d616cf91f.js","en-TT":"sp-dynamic-data_en-us_4e495b727d1d616cf91f.js","en-AZ":"sp-dynamic-data_en-us_4e495b727d1d616cf91f.js","en-BH":"sp-dynamic-data_en-us_4e495b727d1d616cf91f.js","en-BN":"sp-dynamic-data_en-us_4e495b727d1d616cf91f.js","en-ID":"sp-dynamic-data_en-us_4e495b727d1d616cf91f.js","mi":"sp-dynamic-data_en-us_4e495b727d1d616cf91f.js"},"defaultPath":"sp-dynamic-data_default_4e495b727d1d616cf91f.js"},"@microsoft/sp-lodash-subset":{"type":"component","id":"73e1dc6c-8441-42cc-ad47-4bd3659f8a3a","version":"1.17.4"},"@microsoft/sp-core-library":{"type":"component","id":"7263c7d0-1d6a-45ec-8d85-d4d1d234171b","version":"1.17.4"},"@microsoft/sp-diagnostics":{"type":"component","id":"78359e4b-07c2-43c6-8d0b-d060b4d577e8","version":"1.17.4"}}}},{"id":"1c4541f7-5c31-41aa-9fa8-fbc9dc14c0a8","alias":"SPPageContext","componentType":"Library","version":"1.17.4","manifestVersion":2,"loaderConfig":{"internalModuleBaseUrls":["https://localhost:4321/node_modules/@microsoft/sp-page-context/dist/","https://localhost:4321/dist/"],"entryModuleId":"sp-page-context","scriptResources":{"sp-page-context":{"type":"localizedPath","paths":{"default":"sp-page-context_default_1c2ab40da51c4c1d95aa.js","en-US":"sp-page-context_en-us_1c2ab40da51c4c1d95aa.js","qps-ploca":"sp-page-context_qps-ploca_1c2ab40da51c4c1d95aa.js","qps-ploc":"sp-page-context_qps-ploc_1c2ab40da51c4c1d95aa.js","en-GB":"sp-page-context_en-us_1c2ab40da51c4c1d95aa.js","en-NZ":"sp-page-context_en-us_1c2ab40da51c4c1d95aa.js","en-IE":"sp-page-context_en-us_1c2ab40da51c4c1d95aa.js","en-AU":"sp-page-context_en-us_1c2ab40da51c4c1d95aa.js","bn":"sp-page-context_en-us_1c2ab40da51c4c1d95aa.js","chr":"sp-page-context_en-us_1c2ab40da51c4c1d95aa.js","dv":"sp-page-context_en-us_1c2ab40da51c4c1d95aa.js","div":"sp-page-context_en-us_1c2ab40da51c4c1d95aa.js","en":"sp-page-context_en-us_1c2ab40da51c4c1d95aa.js","fil":"sp-page-context_en-us_1c2ab40da51c4c1d95aa.js","haw":"sp-page-context_en-us_1c2ab40da51c4c1d95aa.js","iu":"sp-page-context_en-us_1c2ab40da51c4c1d95aa.js","lo":"sp-page-context_en-us_1c2ab40da51c4c1d95aa.js","moh":"sp-page-context_en-us_1c2ab40da51c4c1d95aa.js","sq":"sp-page-context_en-us_1c2ab40da51c4c1d95aa.js","am":"sp-page-context_en-us_1c2ab40da51c4c1d95aa.js","hy":"sp-page-context_en-us_1c2ab40da51c4c1d95aa.js","mk":"sp-page-context_en-us_1c2ab40da51c4c1d95aa.js","bs":"sp-page-context_en-us_1c2ab40da51c4c1d95aa.js","my":"sp-page-context_en-us_1c2ab40da51c4c1d95aa.js","dz":"sp-page-context_en-us_1c2ab40da51c4c1d95aa.js","en-CY":"sp-page-context_en-us_1c2ab40da51c4c1d95aa.js","en-EG":"sp-page-context_en-us_1c2ab40da51c4c1d95aa.js","en-IL":"sp-page-context_en-us_1c2ab40da51c4c1d95aa.js","en-IS":"sp-page-context_en-us_1c2ab40da51c4c1d95aa.js","en-JO":"sp-page-context_en-us_1c2ab40da51c4c1d95aa.js","en-KE":"sp-page-context_en-us_1c2ab40da51c4c1d95aa.js","en-KW":"sp-page-context_en-us_1c2ab40da51c4c1d95aa.js","en-MK":"sp-page-context_en-us_1c2ab40da51c4c1d95aa.js","en-MT":"sp-page-context_en-us_1c2ab40da51c4c1d95aa.js","en-PK":"sp-page-context_en-us_1c2ab40da51c4c1d95aa.js","en-QA":"sp-page-context_en-us_1c2ab40da51c4c1d95aa.js","en-SA":"sp-page-context_en-us_1c2ab40da51c4c1d95aa.js","en-LK":"sp-page-context_en-us_1c2ab40da51c4c1d95aa.js","en-AE":"sp-page-context_en-us_1c2ab40da51c4c1d95aa.js","en-VN":"sp-page-context_en-us_1c2ab40da51c4c1d95aa.js","is":"sp-page-context_en-us_1c2ab40da51c4c1d95aa.js","km":"sp-page-context_en-us_1c2ab40da51c4c1d95aa.js","kh":"sp-page-context_en-us_1c2ab40da51c4c1d95aa.js","mt":"sp-page-context_en-us_1c2ab40da51c4c1d95aa.js","fa":"sp-page-context_en-us_1c2ab40da51c4c1d95aa.js","gd":"sp-page-context_en-us_1c2ab40da51c4c1d95aa.js","sr-Cyrl-BA":"sp-page-context_en-us_1c2ab40da51c4c1d95aa.js","sr-Latn-BA":"sp-page-context_en-us_1c2ab40da51c4c1d95aa.js","sd":"sp-page-context_en-us_1c2ab40da51c4c1d95aa.js","si":"sp-page-context_en-us_1c2ab40da51c4c1d95aa.js","so":"sp-page-context_en-us_1c2ab40da51c4c1d95aa.js","ti-ET":"sp-page-context_en-us_1c2ab40da51c4c1d95aa.js","uz":"sp-page-context_en-us_1c2ab40da51c4c1d95aa.js","en-SG":"sp-page-context_en-us_1c2ab40da51c4c1d95aa.js","en-HK":"sp-page-context_en-us_1c2ab40da51c4c1d95aa.js","en-MY":"sp-page-context_en-us_1c2ab40da51c4c1d95aa.js","en-PH":"sp-page-context_en-us_1c2ab40da51c4c1d95aa.js","en-TT":"sp-page-context_en-us_1c2ab40da51c4c1d95aa.js","en-AZ":"sp-page-context_en-us_1c2ab40da51c4c1d95aa.js","en-BH":"sp-page-context_en-us_1c2ab40da51c4c1d95aa.js","en-BN":"sp-page-context_en-us_1c2ab40da51c4c1d95aa.js","en-ID":"sp-page-context_en-us_1c2ab40da51c4c1d95aa.js","mi":"sp-page-context_en-us_1c2ab40da51c4c1d95aa.js"},"defaultPath":"sp-page-context_default_1c2ab40da51c4c1d95aa.js"},"tslib":{"type":"component","id":"01c4df03-e775-48cb-aa14-171ee5199a15","version":"2.3.1"},"@microsoft/sp-dynamic-data":{"type":"component","id":"e40f8203-b39d-425a-a957-714852e33b79","version":"1.17.4"},"@microsoft/sp-core-library":{"type":"component","id":"7263c7d0-1d6a-45ec-8d85-d4d1d234171b","version":"1.17.4"},"@microsoft/sp-diagnostics":{"type":"component","id":"78359e4b-07c2-43c6-8d0b-d060b4d577e8","version":"1.17.4"}}}},{"manifestVersion":2,"id":"8496636c-2300-4915-abef-20de64c98d8b","alias":"@microsoft/sp-http-base","componentType":"Library","version":"1.17.4","loaderConfig":{"internalModuleBaseUrls":["https://localhost:4321/node_modules/@microsoft/sp-http-base/dist/","https://localhost:4321/dist/"],"entryModuleId":"sp-http-base","scriptResources":{"sp-http-base":{"type":"localizedPath","paths":{"default":"sp-http-base_default_91fa56aebd9d5a40653f.js","en-US":"sp-http-base_en-us_91fa56aebd9d5a40653f.js","qps-ploca":"sp-http-base_qps-ploca_91fa56aebd9d5a40653f.js","qps-ploc":"sp-http-base_qps-ploc_91fa56aebd9d5a40653f.js","en-GB":"sp-http-base_en-us_91fa56aebd9d5a40653f.js","en-NZ":"sp-http-base_en-us_91fa56aebd9d5a40653f.js","en-IE":"sp-http-base_en-us_91fa56aebd9d5a40653f.js","en-AU":"sp-http-base_en-us_91fa56aebd9d5a40653f.js","bn":"sp-http-base_en-us_91fa56aebd9d5a40653f.js","chr":"sp-http-base_en-us_91fa56aebd9d5a40653f.js","dv":"sp-http-base_en-us_91fa56aebd9d5a40653f.js","div":"sp-http-base_en-us_91fa56aebd9d5a40653f.js","en":"sp-http-base_en-us_91fa56aebd9d5a40653f.js","fil":"sp-http-base_en-us_91fa56aebd9d5a40653f.js","haw":"sp-http-base_en-us_91fa56aebd9d5a40653f.js","iu":"sp-http-base_en-us_91fa56aebd9d5a40653f.js","lo":"sp-http-base_en-us_91fa56aebd9d5a40653f.js","moh":"sp-http-base_en-us_91fa56aebd9d5a40653f.js","sq":"sp-http-base_en-us_91fa56aebd9d5a40653f.js","am":"sp-http-base_en-us_91fa56aebd9d5a40653f.js","hy":"sp-http-base_en-us_91fa56aebd9d5a40653f.js","mk":"sp-http-base_en-us_91fa56aebd9d5a40653f.js","bs":"sp-http-base_en-us_91fa56aebd9d5a40653f.js","my":"sp-http-base_en-us_91fa56aebd9d5a40653f.js","dz":"sp-http-base_en-us_91fa56aebd9d5a40653f.js","en-CY":"sp-http-base_en-us_91fa56aebd9d5a40653f.js","en-EG":"sp-http-base_en-us_91fa56aebd9d5a40653f.js","en-IL":"sp-http-base_en-us_91fa56aebd9d5a40653f.js","en-IS":"sp-http-base_en-us_91fa56aebd9d5a40653f.js","en-JO":"sp-http-base_en-us_91fa56aebd9d5a40653f.js","en-KE":"sp-http-base_en-us_91fa56aebd9d5a40653f.js","en-KW":"sp-http-base_en-us_91fa56aebd9d5a40653f.js","en-MK":"sp-http-base_en-us_91fa56aebd9d5a40653f.js","en-MT":"sp-http-base_en-us_91fa56aebd9d5a40653f.js","en-PK":"sp-http-base_en-us_91fa56aebd9d5a40653f.js","en-QA":"sp-http-base_en-us_91fa56aebd9d5a40653f.js","en-SA":"sp-http-base_en-us_91fa56aebd9d5a40653f.js","en-LK":"sp-http-base_en-us_91fa56aebd9d5a40653f.js","en-AE":"sp-http-base_en-us_91fa56aebd9d5a40653f.js","en-VN":"sp-http-base_en-us_91fa56aebd9d5a40653f.js","is":"sp-http-base_en-us_91fa56aebd9d5a40653f.js","km":"sp-http-base_en-us_91fa56aebd9d5a40653f.js","kh":"sp-http-base_en-us_91fa56aebd9d5a40653f.js","mt":"sp-http-base_en-us_91fa56aebd9d5a40653f.js","fa":"sp-http-base_en-us_91fa56aebd9d5a40653f.js","gd":"sp-http-base_en-us_91fa56aebd9d5a40653f.js","sr-Cyrl-BA":"sp-http-base_en-us_91fa56aebd9d5a40653f.js","sr-Latn-BA":"sp-http-base_en-us_91fa56aebd9d5a40653f.js","sd":"sp-http-base_en-us_91fa56aebd9d5a40653f.js","si":"sp-http-base_en-us_91fa56aebd9d5a40653f.js","so":"sp-http-base_en-us_91fa56aebd9d5a40653f.js","ti-ET":"sp-http-base_en-us_91fa56aebd9d5a40653f.js","uz":"sp-http-base_en-us_91fa56aebd9d5a40653f.js","en-SG":"sp-http-base_en-us_91fa56aebd9d5a40653f.js","en-HK":"sp-http-base_en-us_91fa56aebd9d5a40653f.js","en-MY":"sp-http-base_en-us_91fa56aebd9d5a40653f.js","en-PH":"sp-http-base_en-us_91fa56aebd9d5a40653f.js","en-TT":"sp-http-base_en-us_91fa56aebd9d5a40653f.js","en-AZ":"sp-http-base_en-us_91fa56aebd9d5a40653f.js","en-BH":"sp-http-base_en-us_91fa56aebd9d5a40653f.js","en-BN":"sp-http-base_en-us_91fa56aebd9d5a40653f.js","en-ID":"sp-http-base_en-us_91fa56aebd9d5a40653f.js","mi":"sp-http-base_en-us_91fa56aebd9d5a40653f.js"},"defaultPath":"sp-http-base_default_91fa56aebd9d5a40653f.js"},"tslib":{"type":"component","id":"01c4df03-e775-48cb-aa14-171ee5199a15","version":"2.3.1"},"@ms/sp-telemetry":{"type":"component","id":"8217e442-8ed3-41fd-957d-b112e841286a","version":"0.28.16"},"@ms/odsp-core-bundle":{"type":"component","id":"2e09fb9b-13bb-48f2-859f-97d6fff71176","version":"1.3.154"},"@microsoft/sp-core-library":{"type":"component","id":"7263c7d0-1d6a-45ec-8d85-d4d1d234171b","version":"1.17.4"},"@microsoft/sp-page-context":{"type":"component","id":"1c4541f7-5c31-41aa-9fa8-fbc9dc14c0a8","version":"1.17.4"},"@microsoft/sp-diagnostics":{"type":"component","id":"78359e4b-07c2-43c6-8d0b-d060b4d577e8","version":"1.17.4"}}}},{"id":"1c6c9123-7aac-41f3-a376-3caea41ed83f","alias":"SPLoader","componentType":"Library","version":"1.17.4","manifestVersion":2,"loaderConfig":{"internalModuleBaseUrls":["https://localhost:4321/node_modules/@microsoft/sp-loader/dist/","https://localhost:54321/dist/"],"entryModuleId":"sp-loader","scriptResources":{"sp-loader":{"type":"localizedPath","paths":{"default":"sp-loader_default_a035e0be0e94713d5901.js","en-US":"sp-loader_en-us_a035e0be0e94713d5901.js","qps-ploca":"sp-loader_qps-ploca_a035e0be0e94713d5901.js","qps-ploc":"sp-loader_qps-ploc_a035e0be0e94713d5901.js","en-GB":"sp-loader_en-us_a035e0be0e94713d5901.js","en-NZ":"sp-loader_en-us_a035e0be0e94713d5901.js","en-IE":"sp-loader_en-us_a035e0be0e94713d5901.js","en-AU":"sp-loader_en-us_a035e0be0e94713d5901.js","bn":"sp-loader_en-us_a035e0be0e94713d5901.js","chr":"sp-loader_en-us_a035e0be0e94713d5901.js","dv":"sp-loader_en-us_a035e0be0e94713d5901.js","div":"sp-loader_en-us_a035e0be0e94713d5901.js","en":"sp-loader_en-us_a035e0be0e94713d5901.js","fil":"sp-loader_en-us_a035e0be0e94713d5901.js","haw":"sp-loader_en-us_a035e0be0e94713d5901.js","iu":"sp-loader_en-us_a035e0be0e94713d5901.js","lo":"sp-loader_en-us_a035e0be0e94713d5901.js","moh":"sp-loader_en-us_a035e0be0e94713d5901.js","sq":"sp-loader_en-us_a035e0be0e94713d5901.js","am":"sp-loader_en-us_a035e0be0e94713d5901.js","hy":"sp-loader_en-us_a035e0be0e94713d5901.js","mk":"sp-loader_en-us_a035e0be0e94713d5901.js","bs":"sp-loader_en-us_a035e0be0e94713d5901.js","my":"sp-loader_en-us_a035e0be0e94713d5901.js","dz":"sp-loader_en-us_a035e0be0e94713d5901.js","en-CY":"sp-loader_en-us_a035e0be0e94713d5901.js","en-EG":"sp-loader_en-us_a035e0be0e94713d5901.js","en-IL":"sp-loader_en-us_a035e0be0e94713d5901.js","en-IS":"sp-loader_en-us_a035e0be0e94713d5901.js","en-JO":"sp-loader_en-us_a035e0be0e94713d5901.js","en-KE":"sp-loader_en-us_a035e0be0e94713d5901.js","en-KW":"sp-loader_en-us_a035e0be0e94713d5901.js","en-MK":"sp-loader_en-us_a035e0be0e94713d5901.js","en-MT":"sp-loader_en-us_a035e0be0e94713d5901.js","en-PK":"sp-loader_en-us_a035e0be0e94713d5901.js","en-QA":"sp-loader_en-us_a035e0be0e94713d5901.js","en-SA":"sp-loader_en-us_a035e0be0e94713d5901.js","en-LK":"sp-loader_en-us_a035e0be0e94713d5901.js","en-AE":"sp-loader_en-us_a035e0be0e94713d5901.js","en-VN":"sp-loader_en-us_a035e0be0e94713d5901.js","is":"sp-loader_en-us_a035e0be0e94713d5901.js","km":"sp-loader_en-us_a035e0be0e94713d5901.js","kh":"sp-loader_en-us_a035e0be0e94713d5901.js","mt":"sp-loader_en-us_a035e0be0e94713d5901.js","fa":"sp-loader_en-us_a035e0be0e94713d5901.js","gd":"sp-loader_en-us_a035e0be0e94713d5901.js","sr-Cyrl-BA":"sp-loader_en-us_a035e0be0e94713d5901.js","sr-Latn-BA":"sp-loader_en-us_a035e0be0e94713d5901.js","sd":"sp-loader_en-us_a035e0be0e94713d5901.js","si":"sp-loader_en-us_a035e0be0e94713d5901.js","so":"sp-loader_en-us_a035e0be0e94713d5901.js","ti-ET":"sp-loader_en-us_a035e0be0e94713d5901.js","uz":"sp-loader_en-us_a035e0be0e94713d5901.js","en-SG":"sp-loader_en-us_a035e0be0e94713d5901.js","en-HK":"sp-loader_en-us_a035e0be0e94713d5901.js","en-MY":"sp-loader_en-us_a035e0be0e94713d5901.js","en-PH":"sp-loader_en-us_a035e0be0e94713d5901.js","en-TT":"sp-loader_en-us_a035e0be0e94713d5901.js","en-AZ":"sp-loader_en-us_a035e0be0e94713d5901.js","en-BH":"sp-loader_en-us_a035e0be0e94713d5901.js","en-BN":"sp-loader_en-us_a035e0be0e94713d5901.js","en-ID":"sp-loader_en-us_a035e0be0e94713d5901.js","mi":"sp-loader_en-us_a035e0be0e94713d5901.js"},"defaultPath":"sp-loader_default_a035e0be0e94713d5901.js"},"tslib":{"type":"component","id":"01c4df03-e775-48cb-aa14-171ee5199a15","version":"2.3.1"},"@microsoft/sp-http-base":{"type":"component","id":"8496636c-2300-4915-abef-20de64c98d8b","version":"1.17.4"},"@ms/sp-telemetry":{"type":"component","id":"8217e442-8ed3-41fd-957d-b112e841286a","version":"0.28.16"},"@microsoft/sp-dynamic-data":{"type":"component","id":"e40f8203-b39d-425a-a957-714852e33b79","version":"1.17.4"},"@microsoft/sp-lodash-subset":{"type":"component","id":"73e1dc6c-8441-42cc-ad47-4bd3659f8a3a","version":"1.17.4"},"@microsoft/sp-core-library":{"type":"component","id":"7263c7d0-1d6a-45ec-8d85-d4d1d234171b","version":"1.17.4"},"@microsoft/sp-page-context":{"type":"component","id":"1c4541f7-5c31-41aa-9fa8-fbc9dc14c0a8","version":"1.17.4"},"@microsoft/load-themed-styles":{"type":"component","id":"229b8d08-79f3-438b-8c21-4613fc877abd","version":"0.1.2"},"@microsoft/sp-diagnostics":{"type":"component","id":"78359e4b-07c2-43c6-8d0b-d060b4d577e8","version":"1.17.4"}}}},{"manifestVersion":2,"componentType":"Library","id":"44bae1a2-d2eb-4e10-8c21-a1dbdce1036f","alias":"sp-loader-assembly","isInternal":true,"version":"1.0.0","rootComponentId":"1c6c9123-7aac-41f3-a376-3caea41ed83f","requiresCustomScript":false,"loaderConfig":{"internalModuleBaseUrls":["https://localhost:4321/node_modules/@microsoft/sp-loader/dist/"],"entryModuleId":"sp-loader-assembly","scriptResources":{"sp-loader-assembly":{"type":"localizedPath","paths":{"default":"sp-loader-assembly_default.js","en-US":"sp-loader-assembly_en-us.js","qps-ploca":"sp-loader-assembly_qps-ploca.js","qps-ploc":"sp-loader-assembly_qps-ploc.js","en-GB":"sp-loader-assembly_en-us.js","en-NZ":"sp-loader-assembly_en-us.js","en-IE":"sp-loader-assembly_en-us.js","en-AU":"sp-loader-assembly_en-us.js","bn":"sp-loader-assembly_en-us.js","chr":"sp-loader-assembly_en-us.js","dv":"sp-loader-assembly_en-us.js","div":"sp-loader-assembly_en-us.js","en":"sp-loader-assembly_en-us.js","fil":"sp-loader-assembly_en-us.js","haw":"sp-loader-assembly_en-us.js","iu":"sp-loader-assembly_en-us.js","lo":"sp-loader-assembly_en-us.js","moh":"sp-loader-assembly_en-us.js","sq":"sp-loader-assembly_en-us.js","am":"sp-loader-assembly_en-us.js","hy":"sp-loader-assembly_en-us.js","mk":"sp-loader-assembly_en-us.js","bs":"sp-loader-assembly_en-us.js","my":"sp-loader-assembly_en-us.js","dz":"sp-loader-assembly_en-us.js","en-CY":"sp-loader-assembly_en-us.js","en-EG":"sp-loader-assembly_en-us.js","en-IL":"sp-loader-assembly_en-us.js","en-IS":"sp-loader-assembly_en-us.js","en-JO":"sp-loader-assembly_en-us.js","en-KE":"sp-loader-assembly_en-us.js","en-KW":"sp-loader-assembly_en-us.js","en-MK":"sp-loader-assembly_en-us.js","en-MT":"sp-loader-assembly_en-us.js","en-PK":"sp-loader-assembly_en-us.js","en-QA":"sp-loader-assembly_en-us.js","en-SA":"sp-loader-assembly_en-us.js","en-LK":"sp-loader-assembly_en-us.js","en-AE":"sp-loader-assembly_en-us.js","en-VN":"sp-loader-assembly_en-us.js","is":"sp-loader-assembly_en-us.js","km":"sp-loader-assembly_en-us.js","kh":"sp-loader-assembly_en-us.js","mt":"sp-loader-assembly_en-us.js","fa":"sp-loader-assembly_en-us.js","gd":"sp-loader-assembly_en-us.js","sr-Cyrl-BA":"sp-loader-assembly_en-us.js","sr-Latn-BA":"sp-loader-assembly_en-us.js","sd":"sp-loader-assembly_en-us.js","si":"sp-loader-assembly_en-us.js","so":"sp-loader-assembly_en-us.js","ti-ET":"sp-loader-assembly_en-us.js","uz":"sp-loader-assembly_en-us.js","en-SG":"sp-loader-assembly_en-us.js","en-HK":"sp-loader-assembly_en-us.js","en-MY":"sp-loader-assembly_en-us.js","en-PH":"sp-loader-assembly_en-us.js","en-TT":"sp-loader-assembly_en-us.js","en-AZ":"sp-loader-assembly_en-us.js","en-BH":"sp-loader-assembly_en-us.js","en-BN":"sp-loader-assembly_en-us.js","en-ID":"sp-loader-assembly_en-us.js","mi":"sp-loader-assembly_en-us.js"},"defaultPath":"sp-loader-assembly_default.js"}}}},{"manifestVersion":2,"id":"aec2bbfd-a968-4d5b-a279-12e570f378e6","alias":"@microsoft/sp-http-msgraph","componentType":"Library","version":"1.17.4","loaderConfig":{"internalModuleBaseUrls":["https://localhost:4321/node_modules/@microsoft/sp-http-msgraph/dist/","https://localhost:4321/dist/"],"entryModuleId":"sp-http-msgraph","scriptResources":{"sp-http-msgraph":{"type":"localizedPath","paths":{"default":"sp-http-msgraph_default_e370bbeacd07d817eeb6.js","en-US":"sp-http-msgraph_en-us_e370bbeacd07d817eeb6.js","qps-ploca":"sp-http-msgraph_qps-ploca_e370bbeacd07d817eeb6.js","qps-ploc":"sp-http-msgraph_qps-ploc_e370bbeacd07d817eeb6.js","en-GB":"sp-http-msgraph_en-us_e370bbeacd07d817eeb6.js","en-NZ":"sp-http-msgraph_en-us_e370bbeacd07d817eeb6.js","en-IE":"sp-http-msgraph_en-us_e370bbeacd07d817eeb6.js","en-AU":"sp-http-msgraph_en-us_e370bbeacd07d817eeb6.js","bn":"sp-http-msgraph_en-us_e370bbeacd07d817eeb6.js","chr":"sp-http-msgraph_en-us_e370bbeacd07d817eeb6.js","dv":"sp-http-msgraph_en-us_e370bbeacd07d817eeb6.js","div":"sp-http-msgraph_en-us_e370bbeacd07d817eeb6.js","en":"sp-http-msgraph_en-us_e370bbeacd07d817eeb6.js","fil":"sp-http-msgraph_en-us_e370bbeacd07d817eeb6.js","haw":"sp-http-msgraph_en-us_e370bbeacd07d817eeb6.js","iu":"sp-http-msgraph_en-us_e370bbeacd07d817eeb6.js","lo":"sp-http-msgraph_en-us_e370bbeacd07d817eeb6.js","moh":"sp-http-msgraph_en-us_e370bbeacd07d817eeb6.js","sq":"sp-http-msgraph_en-us_e370bbeacd07d817eeb6.js","am":"sp-http-msgraph_en-us_e370bbeacd07d817eeb6.js","hy":"sp-http-msgraph_en-us_e370bbeacd07d817eeb6.js","mk":"sp-http-msgraph_en-us_e370bbeacd07d817eeb6.js","bs":"sp-http-msgraph_en-us_e370bbeacd07d817eeb6.js","my":"sp-http-msgraph_en-us_e370bbeacd07d817eeb6.js","dz":"sp-http-msgraph_en-us_e370bbeacd07d817eeb6.js","en-CY":"sp-http-msgraph_en-us_e370bbeacd07d817eeb6.js","en-EG":"sp-http-msgraph_en-us_e370bbeacd07d817eeb6.js","en-IL":"sp-http-msgraph_en-us_e370bbeacd07d817eeb6.js","en-IS":"sp-http-msgraph_en-us_e370bbeacd07d817eeb6.js","en-JO":"sp-http-msgraph_en-us_e370bbeacd07d817eeb6.js","en-KE":"sp-http-msgraph_en-us_e370bbeacd07d817eeb6.js","en-KW":"sp-http-msgraph_en-us_e370bbeacd07d817eeb6.js","en-MK":"sp-http-msgraph_en-us_e370bbeacd07d817eeb6.js","en-MT":"sp-http-msgraph_en-us_e370bbeacd07d817eeb6.js","en-PK":"sp-http-msgraph_en-us_e370bbeacd07d817eeb6.js","en-QA":"sp-http-msgraph_en-us_e370bbeacd07d817eeb6.js","en-SA":"sp-http-msgraph_en-us_e370bbeacd07d817eeb6.js","en-LK":"sp-http-msgraph_en-us_e370bbeacd07d817eeb6.js","en-AE":"sp-http-msgraph_en-us_e370bbeacd07d817eeb6.js","en-VN":"sp-http-msgraph_en-us_e370bbeacd07d817eeb6.js","is":"sp-http-msgraph_en-us_e370bbeacd07d817eeb6.js","km":"sp-http-msgraph_en-us_e370bbeacd07d817eeb6.js","kh":"sp-http-msgraph_en-us_e370bbeacd07d817eeb6.js","mt":"sp-http-msgraph_en-us_e370bbeacd07d817eeb6.js","fa":"sp-http-msgraph_en-us_e370bbeacd07d817eeb6.js","gd":"sp-http-msgraph_en-us_e370bbeacd07d817eeb6.js","sr-Cyrl-BA":"sp-http-msgraph_en-us_e370bbeacd07d817eeb6.js","sr-Latn-BA":"sp-http-msgraph_en-us_e370bbeacd07d817eeb6.js","sd":"sp-http-msgraph_en-us_e370bbeacd07d817eeb6.js","si":"sp-http-msgraph_en-us_e370bbeacd07d817eeb6.js","so":"sp-http-msgraph_en-us_e370bbeacd07d817eeb6.js","ti-ET":"sp-http-msgraph_en-us_e370bbeacd07d817eeb6.js","uz":"sp-http-msgraph_en-us_e370bbeacd07d817eeb6.js","en-SG":"sp-http-msgraph_en-us_e370bbeacd07d817eeb6.js","en-HK":"sp-http-msgraph_en-us_e370bbeacd07d817eeb6.js","en-MY":"sp-http-msgraph_en-us_e370bbeacd07d817eeb6.js","en-PH":"sp-http-msgraph_en-us_e370bbeacd07d817eeb6.js","en-TT":"sp-http-msgraph_en-us_e370bbeacd07d817eeb6.js","en-AZ":"sp-http-msgraph_en-us_e370bbeacd07d817eeb6.js","en-BH":"sp-http-msgraph_en-us_e370bbeacd07d817eeb6.js","en-BN":"sp-http-msgraph_en-us_e370bbeacd07d817eeb6.js","en-ID":"sp-http-msgraph_en-us_e370bbeacd07d817eeb6.js","mi":"sp-http-msgraph_en-us_e370bbeacd07d817eeb6.js"},"defaultPath":"sp-http-msgraph_default_e370bbeacd07d817eeb6.js"},"tslib":{"type":"component","id":"01c4df03-e775-48cb-aa14-171ee5199a15","version":"2.3.1"},"@microsoft/sp-http-base":{"type":"component","id":"8496636c-2300-4915-abef-20de64c98d8b","version":"1.17.4"},"@microsoft/sp-loader":{"type":"component","id":"1c6c9123-7aac-41f3-a376-3caea41ed83f","version":"1.17.4"},"@microsoft/sp-core-library":{"type":"component","id":"7263c7d0-1d6a-45ec-8d85-d4d1d234171b","version":"1.17.4"},"@microsoft/sp-diagnostics":{"type":"component","id":"78359e4b-07c2-43c6-8d0b-d060b4d577e8","version":"1.17.4"}}}},{"id":"c07208f0-ea3b-4c1a-9965-ac1b825211a6","alias":"SPHttp","componentType":"Library","version":"1.17.4","manifestVersion":2,"preloadComponents":[],"loaderConfig":{"internalModuleBaseUrls":["https://localhost:4321/node_modules/@microsoft/sp-http/dist/","https://localhost:4321/dist/"],"entryModuleId":"sp-http","scriptResources":{"sp-http":{"type":"path","path":"sp-http_none_d8fafcc0722446f0bedf.js"},"tslib":{"type":"component","id":"01c4df03-e775-48cb-aa14-171ee5199a15","version":"2.3.1"},"@microsoft/sp-http-base":{"type":"component","id":"8496636c-2300-4915-abef-20de64c98d8b","version":"1.17.4"},"@microsoft/sp-http-msgraph":{"type":"component","id":"aec2bbfd-a968-4d5b-a279-12e570f378e6","version":"1.17.4"},"@microsoft/sp-core-library":{"type":"component","id":"7263c7d0-1d6a-45ec-8d85-d4d1d234171b","version":"1.17.4"},"@microsoft/sp-diagnostics":{"type":"component","id":"78359e4b-07c2-43c6-8d0b-d060b4d577e8","version":"1.17.4"}}}},{"id":"467dc675-7cc5-4709-8aac-78e3b71bd2f6","alias":"SPComponentBase","componentType":"Library","version":"1.17.4","manifestVersion":2,"loaderConfig":{"internalModuleBaseUrls":["https://localhost:4321/node_modules/@microsoft/sp-component-base/dist/","https://localhost:4321/dist/"],"entryModuleId":"sp-component-base","scriptResources":{"sp-component-base":{"type":"localizedPath","paths":{"default":"sp-component-base_default_de5b95998cc2d68906ac.js","en-US":"sp-component-base_en-us_de5b95998cc2d68906ac.js","qps-ploca":"sp-component-base_qps-ploca_de5b95998cc2d68906ac.js","qps-ploc":"sp-component-base_qps-ploc_de5b95998cc2d68906ac.js","en-GB":"sp-component-base_en-us_de5b95998cc2d68906ac.js","en-NZ":"sp-component-base_en-us_de5b95998cc2d68906ac.js","en-IE":"sp-component-base_en-us_de5b95998cc2d68906ac.js","en-AU":"sp-component-base_en-us_de5b95998cc2d68906ac.js","bn":"sp-component-base_en-us_de5b95998cc2d68906ac.js","chr":"sp-component-base_en-us_de5b95998cc2d68906ac.js","dv":"sp-component-base_en-us_de5b95998cc2d68906ac.js","div":"sp-component-base_en-us_de5b95998cc2d68906ac.js","en":"sp-component-base_en-us_de5b95998cc2d68906ac.js","fil":"sp-component-base_en-us_de5b95998cc2d68906ac.js","haw":"sp-component-base_en-us_de5b95998cc2d68906ac.js","iu":"sp-component-base_en-us_de5b95998cc2d68906ac.js","lo":"sp-component-base_en-us_de5b95998cc2d68906ac.js","moh":"sp-component-base_en-us_de5b95998cc2d68906ac.js","sq":"sp-component-base_en-us_de5b95998cc2d68906ac.js","am":"sp-component-base_en-us_de5b95998cc2d68906ac.js","hy":"sp-component-base_en-us_de5b95998cc2d68906ac.js","mk":"sp-component-base_en-us_de5b95998cc2d68906ac.js","bs":"sp-component-base_en-us_de5b95998cc2d68906ac.js","my":"sp-component-base_en-us_de5b95998cc2d68906ac.js","dz":"sp-component-base_en-us_de5b95998cc2d68906ac.js","en-CY":"sp-component-base_en-us_de5b95998cc2d68906ac.js","en-EG":"sp-component-base_en-us_de5b95998cc2d68906ac.js","en-IL":"sp-component-base_en-us_de5b95998cc2d68906ac.js","en-IS":"sp-component-base_en-us_de5b95998cc2d68906ac.js","en-JO":"sp-component-base_en-us_de5b95998cc2d68906ac.js","en-KE":"sp-component-base_en-us_de5b95998cc2d68906ac.js","en-KW":"sp-component-base_en-us_de5b95998cc2d68906ac.js","en-MK":"sp-component-base_en-us_de5b95998cc2d68906ac.js","en-MT":"sp-component-base_en-us_de5b95998cc2d68906ac.js","en-PK":"sp-component-base_en-us_de5b95998cc2d68906ac.js","en-QA":"sp-component-base_en-us_de5b95998cc2d68906ac.js","en-SA":"sp-component-base_en-us_de5b95998cc2d68906ac.js","en-LK":"sp-component-base_en-us_de5b95998cc2d68906ac.js","en-AE":"sp-component-base_en-us_de5b95998cc2d68906ac.js","en-VN":"sp-component-base_en-us_de5b95998cc2d68906ac.js","is":"sp-component-base_en-us_de5b95998cc2d68906ac.js","km":"sp-component-base_en-us_de5b95998cc2d68906ac.js","kh":"sp-component-base_en-us_de5b95998cc2d68906ac.js","mt":"sp-component-base_en-us_de5b95998cc2d68906ac.js","fa":"sp-component-base_en-us_de5b95998cc2d68906ac.js","gd":"sp-component-base_en-us_de5b95998cc2d68906ac.js","sr-Cyrl-BA":"sp-component-base_en-us_de5b95998cc2d68906ac.js","sr-Latn-BA":"sp-component-base_en-us_de5b95998cc2d68906ac.js","sd":"sp-component-base_en-us_de5b95998cc2d68906ac.js","si":"sp-component-base_en-us_de5b95998cc2d68906ac.js","so":"sp-component-base_en-us_de5b95998cc2d68906ac.js","ti-ET":"sp-component-base_en-us_de5b95998cc2d68906ac.js","uz":"sp-component-base_en-us_de5b95998cc2d68906ac.js","en-SG":"sp-component-base_en-us_de5b95998cc2d68906ac.js","en-HK":"sp-component-base_en-us_de5b95998cc2d68906ac.js","en-MY":"sp-component-base_en-us_de5b95998cc2d68906ac.js","en-PH":"sp-component-base_en-us_de5b95998cc2d68906ac.js","en-TT":"sp-component-base_en-us_de5b95998cc2d68906ac.js","en-AZ":"sp-component-base_en-us_de5b95998cc2d68906ac.js","en-BH":"sp-component-base_en-us_de5b95998cc2d68906ac.js","en-BN":"sp-component-base_en-us_de5b95998cc2d68906ac.js","en-ID":"sp-component-base_en-us_de5b95998cc2d68906ac.js","mi":"sp-component-base_en-us_de5b95998cc2d68906ac.js"},"defaultPath":"sp-component-base_default_de5b95998cc2d68906ac.js"},"tslib":{"type":"component","id":"01c4df03-e775-48cb-aa14-171ee5199a15","version":"2.3.1"},"@ms/sp-telemetry":{"type":"component","id":"8217e442-8ed3-41fd-957d-b112e841286a","version":"0.28.16"},"@microsoft/sp-dynamic-data":{"type":"component","id":"e40f8203-b39d-425a-a957-714852e33b79","version":"1.17.4"},"@microsoft/sp-lodash-subset":{"type":"component","id":"73e1dc6c-8441-42cc-ad47-4bd3659f8a3a","version":"1.17.4"},"@microsoft/sp-core-library":{"type":"component","id":"7263c7d0-1d6a-45ec-8d85-d4d1d234171b","version":"1.17.4"},"@microsoft/sp-page-context":{"type":"component","id":"1c4541f7-5c31-41aa-9fa8-fbc9dc14c0a8","version":"1.17.4"},"@microsoft/load-themed-styles":{"type":"component","id":"229b8d08-79f3-438b-8c21-4613fc877abd","version":"0.1.2"},"@microsoft/sp-diagnostics":{"type":"component","id":"78359e4b-07c2-43c6-8d0b-d060b4d577e8","version":"1.17.4"},"@microsoft/sp-http":{"type":"component","id":"c07208f0-ea3b-4c1a-9965-ac1b825211a6","version":"1.17.4"}}}},{"id":"29bd516f-4ece-40b7-8028-597cbc65a223","alias":"SpOfficeUIFabricCore","componentType":"Library","version":"1.17.4","manifestVersion":2,"loaderConfig":{"internalModuleBaseUrls":["https://localhost:4321/node_modules/@microsoft/sp-office-ui-fabric-core/dist/","http://localhost:4321/dist/"],"entryModuleId":"office-ui-fabric-core","scriptResources":{"office-ui-fabric-core":{"type":"path","path":"office-ui-fabric-core_none_08d393408962a8103793.js"},"@microsoft/load-themed-styles":{"type":"component","id":"229b8d08-79f3-438b-8c21-4613fc877abd","version":"0.1.2"}}}},{"manifestVersion":2,"id":"2c46c8f0-e214-4f49-951e-fd5b9d7b4ae1","alias":"SPImageHelper","componentType":"Library","version":"1.17.4","loaderConfig":{"internalModuleBaseUrls":["https://localhost:4321/node_modules/@microsoft/sp-image-helper/dist/","https://localhost:4321/dist/"],"entryModuleId":"sp-image-helper","scriptResources":{"sp-image-helper":{"type":"path","path":"sp-image-helper_none_7d3571aca567b709634f.js"},"@ms/odsp-core-bundle":{"type":"component","id":"2e09fb9b-13bb-48f2-859f-97d6fff71176","version":"1.3.154"},"@microsoft/sp-lodash-subset":{"type":"component","id":"73e1dc6c-8441-42cc-ad47-4bd3659f8a3a","version":"1.17.4"},"@microsoft/sp-core-library":{"type":"component","id":"7263c7d0-1d6a-45ec-8d85-d4d1d234171b","version":"1.17.4"},"@microsoft/sp-page-context":{"type":"component","id":"1c4541f7-5c31-41aa-9fa8-fbc9dc14c0a8","version":"1.17.4"},"@microsoft/sp-diagnostics":{"type":"component","id":"78359e4b-07c2-43c6-8d0b-d060b4d577e8","version":"1.17.4"}}}},{"id":"f9e737b7-f0df-4597-ba8c-3060f82380db","alias":"SPPropertyPane","componentType":"Library","version":"1.17.4","manifestVersion":2,"loaderConfig":{"internalModuleBaseUrls":["https://localhost:4321/node_modules/@microsoft/sp-property-pane/dist/","https://localhost:4321/dist/"],"entryModuleId":"sp-property-pane","scriptResources":{"sp-property-pane":{"type":"localizedPath","paths":{"default":"sp-property-pane_default_3b5a4f06e28cdff26c76.js","en-US":"sp-property-pane_en-us_3b5a4f06e28cdff26c76.js","qps-ploca":"sp-property-pane_qps-ploca_3b5a4f06e28cdff26c76.js","qps-ploc":"sp-property-pane_qps-ploc_3b5a4f06e28cdff26c76.js","en-GB":"sp-property-pane_en-us_3b5a4f06e28cdff26c76.js","en-NZ":"sp-property-pane_en-us_3b5a4f06e28cdff26c76.js","en-IE":"sp-property-pane_en-us_3b5a4f06e28cdff26c76.js","en-AU":"sp-property-pane_en-us_3b5a4f06e28cdff26c76.js","bn":"sp-property-pane_en-us_3b5a4f06e28cdff26c76.js","chr":"sp-property-pane_en-us_3b5a4f06e28cdff26c76.js","dv":"sp-property-pane_en-us_3b5a4f06e28cdff26c76.js","div":"sp-property-pane_en-us_3b5a4f06e28cdff26c76.js","en":"sp-property-pane_en-us_3b5a4f06e28cdff26c76.js","fil":"sp-property-pane_en-us_3b5a4f06e28cdff26c76.js","haw":"sp-property-pane_en-us_3b5a4f06e28cdff26c76.js","iu":"sp-property-pane_en-us_3b5a4f06e28cdff26c76.js","lo":"sp-property-pane_en-us_3b5a4f06e28cdff26c76.js","moh":"sp-property-pane_en-us_3b5a4f06e28cdff26c76.js","sq":"sp-property-pane_en-us_3b5a4f06e28cdff26c76.js","am":"sp-property-pane_en-us_3b5a4f06e28cdff26c76.js","hy":"sp-property-pane_en-us_3b5a4f06e28cdff26c76.js","mk":"sp-property-pane_en-us_3b5a4f06e28cdff26c76.js","bs":"sp-property-pane_en-us_3b5a4f06e28cdff26c76.js","my":"sp-property-pane_en-us_3b5a4f06e28cdff26c76.js","dz":"sp-property-pane_en-us_3b5a4f06e28cdff26c76.js","en-CY":"sp-property-pane_en-us_3b5a4f06e28cdff26c76.js","en-EG":"sp-property-pane_en-us_3b5a4f06e28cdff26c76.js","en-IL":"sp-property-pane_en-us_3b5a4f06e28cdff26c76.js","en-IS":"sp-property-pane_en-us_3b5a4f06e28cdff26c76.js","en-JO":"sp-property-pane_en-us_3b5a4f06e28cdff26c76.js","en-KE":"sp-property-pane_en-us_3b5a4f06e28cdff26c76.js","en-KW":"sp-property-pane_en-us_3b5a4f06e28cdff26c76.js","en-MK":"sp-property-pane_en-us_3b5a4f06e28cdff26c76.js","en-MT":"sp-property-pane_en-us_3b5a4f06e28cdff26c76.js","en-PK":"sp-property-pane_en-us_3b5a4f06e28cdff26c76.js","en-QA":"sp-property-pane_en-us_3b5a4f06e28cdff26c76.js","en-SA":"sp-property-pane_en-us_3b5a4f06e28cdff26c76.js","en-LK":"sp-property-pane_en-us_3b5a4f06e28cdff26c76.js","en-AE":"sp-property-pane_en-us_3b5a4f06e28cdff26c76.js","en-VN":"sp-property-pane_en-us_3b5a4f06e28cdff26c76.js","is":"sp-property-pane_en-us_3b5a4f06e28cdff26c76.js","km":"sp-property-pane_en-us_3b5a4f06e28cdff26c76.js","kh":"sp-property-pane_en-us_3b5a4f06e28cdff26c76.js","mt":"sp-property-pane_en-us_3b5a4f06e28cdff26c76.js","fa":"sp-property-pane_en-us_3b5a4f06e28cdff26c76.js","gd":"sp-property-pane_en-us_3b5a4f06e28cdff26c76.js","sr-Cyrl-BA":"sp-property-pane_en-us_3b5a4f06e28cdff26c76.js","sr-Latn-BA":"sp-property-pane_en-us_3b5a4f06e28cdff26c76.js","sd":"sp-property-pane_en-us_3b5a4f06e28cdff26c76.js","si":"sp-property-pane_en-us_3b5a4f06e28cdff26c76.js","so":"sp-property-pane_en-us_3b5a4f06e28cdff26c76.js","ti-ET":"sp-property-pane_en-us_3b5a4f06e28cdff26c76.js","uz":"sp-property-pane_en-us_3b5a4f06e28cdff26c76.js","en-SG":"sp-property-pane_en-us_3b5a4f06e28cdff26c76.js","en-HK":"sp-property-pane_en-us_3b5a4f06e28cdff26c76.js","en-MY":"sp-property-pane_en-us_3b5a4f06e28cdff26c76.js","en-PH":"sp-property-pane_en-us_3b5a4f06e28cdff26c76.js","en-TT":"sp-property-pane_en-us_3b5a4f06e28cdff26c76.js","en-AZ":"sp-property-pane_en-us_3b5a4f06e28cdff26c76.js","en-BH":"sp-property-pane_en-us_3b5a4f06e28cdff26c76.js","en-BN":"sp-property-pane_en-us_3b5a4f06e28cdff26c76.js","en-ID":"sp-property-pane_en-us_3b5a4f06e28cdff26c76.js","mi":"sp-property-pane_en-us_3b5a4f06e28cdff26c76.js"},"defaultPath":"sp-property-pane_default_3b5a4f06e28cdff26c76.js"},"tslib":{"type":"component","id":"01c4df03-e775-48cb-aa14-171ee5199a15","version":"2.3.1"},"@microsoft/sp-loader":{"type":"component","id":"1c6c9123-7aac-41f3-a376-3caea41ed83f","version":"1.17.4"},"@microsoft/sp-core-library":{"type":"component","id":"7263c7d0-1d6a-45ec-8d85-d4d1d234171b","version":"1.17.4"},"react":{"type":"component","id":"0d910c1c-13b9-4e1c-9aa4-b008c5e42d7d","version":"17.0.1"},"react-dom":{"type":"component","id":"aa0a46ec-1505-43cd-a44a-93f3a5aa460a","version":"17.0.1"},"@microsoft/load-themed-styles":{"type":"component","id":"229b8d08-79f3-438b-8c21-4613fc877abd","version":"0.1.2"},"@microsoft/sp-diagnostics":{"type":"component","id":"78359e4b-07c2-43c6-8d0b-d060b4d577e8","version":"1.17.4"}}}},{"manifestVersion":2,"id":"d5c7f2a5-a8e2-431c-9161-70d4d6396f79","alias":"SpTopActions","componentType":"Library","version":"1.17.4","loaderConfig":{"internalModuleBaseUrls":["https://localhost:4321/node_modules/@microsoft/sp-top-actions/dist/","https://localhost:4321/dist/"],"entryModuleId":"sp-top-actions","scriptResources":{"sp-top-actions":{"type":"path","path":"sp-top-actions_none_dce9959b0bd55ccbadc9.js"}}}},{"id":"974a7777-0990-4136-8fa6-95d80114c2e0","alias":"SPWebPartBase","componentType":"Library","version":"1.17.4","manifestVersion":2,"preloadComponents":["f9e737b7-f0df-4597-ba8c-3060f82380db"],"loaderConfig":{"internalModuleBaseUrls":["https://localhost:4321/node_modules/@microsoft/sp-webpart-base/dist/","https://localhost:4321/dist/"],"entryModuleId":"sp-webpart-base","scriptResources":{"sp-webpart-base":{"type":"localizedPath","paths":{"default":"sp-webpart-base_default_1b8fe58162ce67f55e30.js","en-US":"sp-webpart-base_en-us_1b8fe58162ce67f55e30.js","qps-ploca":"sp-webpart-base_qps-ploca_1b8fe58162ce67f55e30.js","qps-ploc":"sp-webpart-base_qps-ploc_1b8fe58162ce67f55e30.js","en-GB":"sp-webpart-base_en-us_1b8fe58162ce67f55e30.js","en-NZ":"sp-webpart-base_en-us_1b8fe58162ce67f55e30.js","en-IE":"sp-webpart-base_en-us_1b8fe58162ce67f55e30.js","en-AU":"sp-webpart-base_en-us_1b8fe58162ce67f55e30.js","bn":"sp-webpart-base_en-us_1b8fe58162ce67f55e30.js","chr":"sp-webpart-base_en-us_1b8fe58162ce67f55e30.js","dv":"sp-webpart-base_en-us_1b8fe58162ce67f55e30.js","div":"sp-webpart-base_en-us_1b8fe58162ce67f55e30.js","en":"sp-webpart-base_en-us_1b8fe58162ce67f55e30.js","fil":"sp-webpart-base_en-us_1b8fe58162ce67f55e30.js","haw":"sp-webpart-base_en-us_1b8fe58162ce67f55e30.js","iu":"sp-webpart-base_en-us_1b8fe58162ce67f55e30.js","lo":"sp-webpart-base_en-us_1b8fe58162ce67f55e30.js","moh":"sp-webpart-base_en-us_1b8fe58162ce67f55e30.js","sq":"sp-webpart-base_en-us_1b8fe58162ce67f55e30.js","am":"sp-webpart-base_en-us_1b8fe58162ce67f55e30.js","hy":"sp-webpart-base_en-us_1b8fe58162ce67f55e30.js","mk":"sp-webpart-base_en-us_1b8fe58162ce67f55e30.js","bs":"sp-webpart-base_en-us_1b8fe58162ce67f55e30.js","my":"sp-webpart-base_en-us_1b8fe58162ce67f55e30.js","dz":"sp-webpart-base_en-us_1b8fe58162ce67f55e30.js","en-CY":"sp-webpart-base_en-us_1b8fe58162ce67f55e30.js","en-EG":"sp-webpart-base_en-us_1b8fe58162ce67f55e30.js","en-IL":"sp-webpart-base_en-us_1b8fe58162ce67f55e30.js","en-IS":"sp-webpart-base_en-us_1b8fe58162ce67f55e30.js","en-JO":"sp-webpart-base_en-us_1b8fe58162ce67f55e30.js","en-KE":"sp-webpart-base_en-us_1b8fe58162ce67f55e30.js","en-KW":"sp-webpart-base_en-us_1b8fe58162ce67f55e30.js","en-MK":"sp-webpart-base_en-us_1b8fe58162ce67f55e30.js","en-MT":"sp-webpart-base_en-us_1b8fe58162ce67f55e30.js","en-PK":"sp-webpart-base_en-us_1b8fe58162ce67f55e30.js","en-QA":"sp-webpart-base_en-us_1b8fe58162ce67f55e30.js","en-SA":"sp-webpart-base_en-us_1b8fe58162ce67f55e30.js","en-LK":"sp-webpart-base_en-us_1b8fe58162ce67f55e30.js","en-AE":"sp-webpart-base_en-us_1b8fe58162ce67f55e30.js","en-VN":"sp-webpart-base_en-us_1b8fe58162ce67f55e30.js","is":"sp-webpart-base_en-us_1b8fe58162ce67f55e30.js","km":"sp-webpart-base_en-us_1b8fe58162ce67f55e30.js","kh":"sp-webpart-base_en-us_1b8fe58162ce67f55e30.js","mt":"sp-webpart-base_en-us_1b8fe58162ce67f55e30.js","fa":"sp-webpart-base_en-us_1b8fe58162ce67f55e30.js","gd":"sp-webpart-base_en-us_1b8fe58162ce67f55e30.js","sr-Cyrl-BA":"sp-webpart-base_en-us_1b8fe58162ce67f55e30.js","sr-Latn-BA":"sp-webpart-base_en-us_1b8fe58162ce67f55e30.js","sd":"sp-webpart-base_en-us_1b8fe58162ce67f55e30.js","si":"sp-webpart-base_en-us_1b8fe58162ce67f55e30.js","so":"sp-webpart-base_en-us_1b8fe58162ce67f55e30.js","ti-ET":"sp-webpart-base_en-us_1b8fe58162ce67f55e30.js","uz":"sp-webpart-base_en-us_1b8fe58162ce67f55e30.js","en-SG":"sp-webpart-base_en-us_1b8fe58162ce67f55e30.js","en-HK":"sp-webpart-base_en-us_1b8fe58162ce67f55e30.js","en-MY":"sp-webpart-base_en-us_1b8fe58162ce67f55e30.js","en-PH":"sp-webpart-base_en-us_1b8fe58162ce67f55e30.js","en-TT":"sp-webpart-base_en-us_1b8fe58162ce67f55e30.js","en-AZ":"sp-webpart-base_en-us_1b8fe58162ce67f55e30.js","en-BH":"sp-webpart-base_en-us_1b8fe58162ce67f55e30.js","en-BN":"sp-webpart-base_en-us_1b8fe58162ce67f55e30.js","en-ID":"sp-webpart-base_en-us_1b8fe58162ce67f55e30.js","mi":"sp-webpart-base_en-us_1b8fe58162ce67f55e30.js"},"defaultPath":"sp-webpart-base_default_1b8fe58162ce67f55e30.js"},"tslib":{"type":"component","id":"01c4df03-e775-48cb-aa14-171ee5199a15","version":"2.3.1"},"@ms/sp-telemetry":{"type":"component","id":"8217e442-8ed3-41fd-957d-b112e841286a","version":"0.28.16"},"@microsoft/sp-component-base":{"type":"component","id":"467dc675-7cc5-4709-8aac-78e3b71bd2f6","version":"1.17.4"},"@microsoft/sp-loader":{"type":"component","id":"1c6c9123-7aac-41f3-a376-3caea41ed83f","version":"1.17.4"},"@microsoft/sp-lodash-subset":{"type":"component","id":"73e1dc6c-8441-42cc-ad47-4bd3659f8a3a","version":"1.17.4"},"@microsoft/sp-core-library":{"type":"component","id":"7263c7d0-1d6a-45ec-8d85-d4d1d234171b","version":"1.17.4"},"@microsoft/sp-page-context":{"type":"component","id":"1c4541f7-5c31-41aa-9fa8-fbc9dc14c0a8","version":"1.17.4"},"@ms/sp-edit-customer-promise":{"type":"component","id":"42647dee-1f75-4b9f-b521-5c844a6c35cc","version":"0.1.0"},"@microsoft/load-themed-styles":{"type":"component","id":"229b8d08-79f3-438b-8c21-4613fc877abd","version":"0.1.2"},"@microsoft/sp-diagnostics":{"type":"component","id":"78359e4b-07c2-43c6-8d0b-d060b4d577e8","version":"1.17.4"},"@microsoft/sp-http":{"type":"component","id":"c07208f0-ea3b-4c1a-9965-ac1b825211a6","version":"1.17.4"}}}},{"id":"b16a050c-a5be-4517-9984-5efa6d397b7c","alias":"RShowListItemsWebPart","componentType":"WebPart","version":"0.0.1","manifestVersion":2,"requiresCustomScript":false,"supportedHosts":["SharePointWebPart"],"preconfiguredEntries":[{"groupId":"5c03119e-3074-46fd-976b-c60198311f70","group":{"default":"Other"},"title":{"default":"RShowListItems"},"description":{"default":"RShowListItems description"},"officeFabricIconFontName":"Page","properties":{"description":"RShowListItems"}}],"loaderConfig":{"internalModuleBaseUrls":["https://localhost:4321/dist/"],"entryModuleId":"r-show-list-items-web-part","scriptResources":{"r-show-list-items-web-part":{"type":"path","path":"r-show-list-items-web-part.js"},"@microsoft/sp-property-pane":{"type":"component","id":"f9e737b7-f0df-4597-ba8c-3060f82380db","version":"1.17.4"},"RShowListItemsWebPartStrings":{"type":"path","path":"RShowListItemsWebPartStrings_en-us.js"},"@microsoft/sp-core-library":{"type":"component","id":"7263c7d0-1d6a-45ec-8d85-d4d1d234171b","version":"1.17.4"},"@microsoft/sp-webpart-base":{"type":"component","id":"974a7777-0990-4136-8fa6-95d80114c2e0","version":"1.17.4"},"react":{"type":"component","id":"0d910c1c-13b9-4e1c-9aa4-b008c5e42d7d","version":"17.0.1"},"react-dom":{"type":"component","id":"aa0a46ec-1505-43cd-a44a-93f3a5aa460a","version":"17.0.1"}}}}]