{
  "@microsoft/generator-sharepoint": {
    "plusBeta": false,
    "isCreatingSolution": true,
    "nodeVersion": "18.19.0",
    "sdksVersions": {
      "@microsoft/microsoft-graph-client": "3.0.2",
      "@microsoft/teams-js": "2.12.0"
    },
    "version": "1.18.2",
    "libraryName": "newsitedemo",
    "libraryId": "f95cc388-6de6-4a1c-b96b-bf398c7a307b",
    "environment": "spo",
    "packageManager": "npm",
    "solutionName": "newsitedemo",
    "solutionShortDescription": "newsitedemo description",
    "skipFeatureDeployment": true,
    "isDomainIsolated": false,
    "componentType": "webpart"
  }
}
