{
  "@microsoft/generator-sharepoint": {
    "plusBeta": false,
    "isCreatingSolution": true,
    "nodeVersion": "16.20.1",
    "sdksVersions": {
      "@microsoft/microsoft-graph-client": "3.0.2",
      "@microsoft/teams-js": "2.9.1"
    },
    "version": "1.17.4",
    "libraryName": "cmdsetdemo",
    "libraryId": "8241ac31-fbd0-4732-8f96-7b7a7b70b3b6",
    "environment": "spo",
    "packageManager": "npm",
    "solutionName": "cmdsetdemo",
    "solutionShortDescription": "cmdsetdemo description",
    "skipFeatureDeployment": true,
    "isDomainIsolated": false,
    "componentType": "extension",
    "extensionType": "ListViewCommandSet"
  }
}
