{
  "@microsoft/generator-sharepoint": {
    "plusBeta": false,
    "isCreatingSolution": true,
    "nodeVersion": "16.20.1",
    "sdksVersions": {
      "@microsoft/microsoft-graph-client": "3.0.2",
      "@microsoft/teams-js": "2.9.1"
    },
    "version": "1.17.4",
    "libraryName": "webpreact",
    "libraryId": "a32137ae-3070-4952-af52-a2f2b17127d3",
    "environment": "spo",
    "packageManager": "npm",
    "solutionName": "webpreact",
    "solutionShortDescription": "webpreact description",
    "skipFeatureDeployment": true,
    "isDomainIsolated": false,
    "componentType": "webpart"
  }
}
