{
  "@microsoft/generator-sharepoint": {
    "plusBeta": false,
    "isCreatingSolution": true,
    "nodeVersion": "18.19.0",
    "sdksVersions": {
      "@microsoft/microsoft-graph-client": "3.0.2",
      "@microsoft/teams-js": "2.12.0"
    },
    "version": "1.18.2",
    "libraryName": "wpr",
    "libraryId": "10d26fa9-8d2c-43b0-b446-fc074c7dddbf",
    "environment": "spo",
    "packageManager": "npm",
    "solutionName": "wpr",
    "solutionShortDescription": "wpr description",
    "skipFeatureDeployment": true,
    "isDomainIsolated": false,
    "componentType": "webpart"
  }
}
