{
  "@microsoft/generator-sharepoint": {
    "plusBeta": false,
    "isCreatingSolution": true,
    "nodeVersion": "16.20.1",
    "sdksVersions": {
      "@microsoft/microsoft-graph-client": "3.0.2",
      "@microsoft/teams-js": "2.9.1"
    },
    "version": "1.17.4",
    "libraryName": "testappcustomizerextension",
    "libraryId": "ebe3b5f1-4e59-4caf-93ad-b81e563bbfbf",
    "environment": "spo",
    "packageManager": "npm",
    "solutionName": "testappcustomizerextension",
    "solutionShortDescription": "testappcustomizerextension description",
    "skipFeatureDeployment": true,
    "isDomainIsolated": false,
    "componentType": "extension",
    "extensionType": "ApplicationCustomizer"
  }
}
