<?xml version="1.0" encoding="utf-8"?><App xmlns="http://schemas.microsoft.com/sharepoint/2012/app/manifest" Name="isolated-web-part-demo-client-side-solution" ProductID="9b630625-89ca-4e70-b78f-60ff5f7fc21d" SharePointMinVersion="16.0.0.0" IsClientSideSolution="true" Version="1.0.0.0" IsDomainIsolated="true"><Properties><Title>isolated-web-part-demo-client-side-solution</Title></Properties><WebApiPermissionRequests><WebApiPermissionRequest ResourceId="Microsoft Graph" Scope="User.ReadBasic.All"></WebApiPermissionRequest></WebApiPermissionRequests></App>